id_penjualan,id_invoice,tanggal,id_barang,nama_barang,harga,unit,jumlah_barang,total_harga_perbarang,mata_uang,kode_brand,brand,id_customer,nama_customer,cabang_sales,id_distributor,group_category
"IN5997 BRG0001",IN5997,20/01/2022,BRG0001,"ACYCLOVIR DUS","1169,91",DUS,1,1169,IDR,206,"OGB & PH",CUST55380,"APOTEK TAPAK",Aceh,EPM,Apotek
"IN6297 BRG0002",IN6297,20/01/2022,BRG0002,"ALERGINE TABLET SALUT","2337,5",DUS,5,11685,IDR,203,ETIKAL,CUST55381,"APOTEK MAJA",Kuningan,TA,Apotek
"IN6155 BRG0003",IN6155,21/01/2022,BRG0003,AMPICILLIN,"10690,6",DUS,9,96210,IDR,210,MARCKS,CUST55382,"KLINIK GM",Jakarta,TA,Klinik
"IN6144 BRG0004",IN6144,22/01/2022,BRG0004,"TRAMADOL KAPSUL 50 MG","8700,7",DUS,13,113100,IDR,201,VNS,CUST55383,"APOTEK MERDEKA",Bandung,TA,Apotek
"IN6280 BRG0005",IN6280,23/01/2022,BRG0005,"KLORPROMAZINA TABLET SALUT SELAPUT 100 MG","5648,3",DUS,1,5648,IDR,203,SLCYL,CUST55384,"KLINIK SAHABAT",Tangerang,TD,Klinik
"IN6052 BRG0006",IN6052,23/01/2022,BRG0006,"KETOCONAZOLE TABLET 200 MG","2819,2",DUS,5,14095,IDR,205,"OGB & PH",CUST55385,"APOTEK SINAR JAYA",Bekasi,TA,Apotek
"IN6089 BRG0007",IN6089,25/01/2022,BRG0007,"ERGOTAMINE COFFEINE","4592,1",DUS,9,41328,IDR,206,ETIKAL,CUST55386,"APOTEK SAHABAT",Padang,EPM,Apotek
"IN6251 BRG0008",IN6251,23/01/2022,BRG0008,"TETRACYCLINE KAPSUL 250 MG","3991,9",DUS,1,3991,IDR,204,MARCKS,CUST55387,"APOTEK TAPAK",Aceh,EPM,Apotek
"IN6036 BRG0009",IN6036,27/01/2022,BRG0009,"AMBROXOL HC","5780,7",DUS,23,132940,IDR,207,VNS,CUST55388,"APOTEK MAJA",Kuningan,TA,Apotek
"IN6029 BRG0010",IN6029,28/01/2022,BRG0010,PARACETAMOL,"6940,3",DUS,4,27760,IDR,208,SLCYL,CUST55389,"KLINIK GM",Jakarta,TA,Klinik
"IN6190 BRG0001",IN6190,23/01/2022,BRG0001,"ACYCLOVIR DUS","1169,91",DUS,2,2338,IDR,206,"OGB & PH",CUST55390,"APOTEK MERDEKA",Bandung,TA,Apotek
"IN6287 BRG0002",IN6287,30/01/2022,BRG0002,"ALERGINE TABLET SALUT","2337,5",DUS,17,39729,IDR,203,ETIKAL,CUST55391,"KLINIK SAHABAT",Tangerang,TD,Klinik
"IN6102 BRG0003",IN6102,31/01/2022,BRG0003,AMPICILLIN,"10690,6",DUS,11,117590,IDR,210,MARCKS,CUST55392,"APOTEK SINAR JAYA",Bekasi,TA,Apotek
"IN6301 BRG0004",IN6301,01/02/2022,BRG0004,"TRAMADOL KAPSUL 50 MG","8700,7",DUS,12,104400,IDR,201,VNS,CUST55393,"APOTEK SAHABAT",Padang,EPM,Apotek
"IN6024 BRG0005",IN6024,27/01/2022,BRG0005,"KLORPROMAZINA TABLET SALUT SELAPUT 100 MG","5648,3",DUS,12,67776,IDR,203,SLCYL,CUST55394,"KLINIK DR. ANDRI",Lampung,TD,Klinik
"IN6184 BRG0006",IN6184,28/01/2022,BRG0006,"KETOCONAZOLE TABLET 200 MG","2819,2",DUS,25,70475,IDR,205,"OGB & PH",CUST55395,"APOTEK TAPAK",Aceh,EPM,Apotek
"IN6307 BRG0007",IN6307,23/01/2022,BRG0007,"ERGOTAMINE COFFEINE","4592,1",DUS,14,64288,IDR,206,ETIKAL,CUST55396,"APOTEK MAJA",Kuningan,TA,Apotek
"IN6245 BRG0008",IN6245,30/01/2022,BRG0008,"TETRACYCLINE KAPSUL 250 MG","3991,9",DUS,34,135694,IDR,204,MARCKS,CUST55397,"KLINIK GM",Jakarta,TA,Klinik
"IN6195 BRG0009",IN6195,31/01/2022,BRG0009,"AMBROXOL HC","5780,7",DUS,67,387260,IDR,207,VNS,CUST55398,"APOTEK MERDEKA",Bandung,TA,Apotek
"IN6023 BRG0010",IN6023,01/02/2022,BRG0010,PARACETAMOL,"6940,3",DUS,15,104100,IDR,208,SLCYL,CUST55399,"KLINIK SAHABAT",Tangerang,TD,Klinik
"IN6113 BRG0001",IN6113,27/01/2022,BRG0001,"ACYCLOVIR DUS","1169,91",DUS,12,14028,IDR,206,"OGB & PH",CUST55400,"APOTEK SINAR JAYA",Bekasi,TA,Apotek
"IN6141 BRG0002",IN6141,28/01/2022,BRG0002,"ALERGINE TABLET SALUT","2337,5",DUS,25,58425,IDR,203,ETIKAL,CUST55401,"APOTEK SAHABAT",Padang,EPM,Apotek
"IN6125 BRG0003",IN6125,23/01/2022,BRG0003,AMPICILLIN,"10690,6",DUS,14,149660,IDR,210,MARCKS,CUST55402,"APOTEK TAPAK",Aceh,EPM,Apotek
"IN6176 BRG0004",IN6176,30/01/2022,BRG0004,"TRAMADOL KAPSUL 50 MG","8700,7",DUS,18,156600,IDR,201,VNS,CUST55403,"APOTEK MAJA",Kuningan,TA,Apotek
"IN6175 BRG0005",IN6175,31/01/2022,BRG0005,"KLORPROMAZINA TABLET SALUT SELAPUT 100 MG","5648,3",DUS,18,101664,IDR,203,SLCYL,CUST55404,"KLINIK GM",Jakarta,TA,Klinik
"IN6259 BRG0006",IN6259,01/02/2022,BRG0006,"KETOCONAZOLE TABLET 200 MG","2819,2",DUS,19,53561,IDR,205,"OGB & PH",CUST55405,"APOTEK MERDEKA",Bandung,TA,Apotek
"IN6173 BRG0001",IN6173,27/01/2022,BRG0001,"ACYCLOVIR DUS","4592,1",DUS,12,55104,IDR,206,"OGB & PH",CUST55406,"KLINIK SAHABAT",Tangerang,TD,Klinik
"IN6013 BRG0002",IN6013,28/01/2022,BRG0002,"ALERGINE TABLET SALUT","3991,9",DUS,25,99775,IDR,203,ETIKAL,CUST55407,"APOTEK SINAR JAYA",Bekasi,TA,Apotek
"IN6086 BRG0003",IN6086,23/01/2022,BRG0003,AMPICILLIN,"5780,7",DUS,14,80920,IDR,210,MARCKS,CUST55408,"APOTEK SAHABAT",Padang,EPM,Apotek
"IN6108 BRG0004",IN6108,30/01/2022,BRG0004,"TRAMADOL KAPSUL 50 MG","6940,3",DUS,21,145740,IDR,201,VNS,CUST55409,"KLINIK DR. ANDRI",Lampung,TD,Klinik
"IN6321 BRG0001",IN6321,31/01/2022,BRG0001,"ACYCLOVIR DUS","1169,91",DUS,22,25718,IDR,206,"OGB & PH",CUST55410,"APOTEK TAPAK",Aceh,EPM,Apotek
"IN5994 BRG0002",IN5994,01/02/2022,BRG0002,"ALERGINE TABLET SALUT","2337,5",DUS,12,28044,IDR,203,ETIKAL,CUST55411,"APOTEK MAJA",Kuningan,TA,Apotek
"IN6146 BRG0003",IN6146,27/01/2022,BRG0003,AMPICILLIN,"10690,6",DUS,25,267250,IDR,210,MARCKS,CUST55412,"KLINIK GM",Jakarta,TA,Klinik
"IN6230 BRG0004",IN6230,28/01/2022,BRG0004,"TRAMADOL KAPSUL 50 MG","8700,7",DUS,14,121800,IDR,201,VNS,CUST55413,"APOTEK MERDEKA",Bandung,TA,Apotek
"IN5991 BRG0005",IN5991,23/01/2022,BRG0005,"KLORPROMAZINA TABLET SALUT SELAPUT 100 MG","5648,3",DUS,24,135552,IDR,203,SLCYL,CUST55414,"KLINIK SAHABAT",Tangerang,TD,Klinik
"IN6281 BRG0006",IN6281,30/01/2022,BRG0006,"KETOCONAZOLE TABLET 200 MG","2819,2",DUS,10,28190,IDR,205,"OGB & PH",CUST55415,"APOTEK SINAR JAYA",Bekasi,TA,Apotek
"IN6226 BRG0007",IN6226,31/01/2022,BRG0007,"ERGOTAMINE COFFEINE","4592,1",DUS,23,105616,IDR,206,ETIKAL,CUST55416,"APOTEK SAHABAT",Padang,EPM,Apotek
"IN6063 BRG0008",IN6063,01/02/2022,BRG0008,"TETRACYCLINE KAPSUL 250 MG","3991,9",DUS,12,47892,IDR,204,MARCKS,CUST55417,"APOTEK TAPAK",Aceh,EPM,Apotek
"IN6131 BRG0009",IN6131,27/01/2022,BRG0009,"AMBROXOL HC","5780,7",DUS,10,57800,IDR,207,VNS,CUST55418,"APOTEK MAJA",Kuningan,TA,Apotek
"IN6262 BRG0010",IN6262,28/01/2022,BRG0010,PARACETAMOL,"6940,3",DUS,67,464980,IDR,208,SLCYL,CUST55419,"KLINIK GM",Jakarta,TA,Klinik
"IN6028 BRG0001",IN6028,23/01/2022,BRG0001,"ACYCLOVIR DUS","1169,91",DUS,98,114562,IDR,206,"OGB & PH",CUST55420,"APOTEK MERDEKA",Bandung,TA,Apotek
"IN6163 BRG0002",IN6163,30/01/2022,BRG0002,"ALERGINE TABLET SALUT","2337,5",DUS,5,11685,IDR,203,ETIKAL,CUST55421,"KLINIK SAHABAT",Tangerang,TD,Klinik
"IN6191 BRG0003",IN6191,31/01/2022,BRG0003,AMPICILLIN,"10690,6",DUS,4,42760,IDR,210,MARCKS,CUST55422,"APOTEK SINAR JAYA",Bekasi,TA,Apotek
"IN6274 BRG0004",IN6274,01/02/2022,BRG0004,"TRAMADOL KAPSUL 50 MG","8700,7",DUS,8,69600,IDR,201,VNS,CUST55423,"APOTEK SAHABAT",Padang,EPM,Apotek
"IN6003 BRG0005",IN6003,27/01/2022,BRG0005,"KLORPROMAZINA TABLET SALUT SELAPUT 100 MG","5648,3",DUS,9,50832,IDR,203,SLCYL,CUST55424,"KLINIK DR. ANDRI",Lampung,TD,Klinik
"IN6247 BRG0006",IN6247,28/01/2022,BRG0006,"KETOCONAZOLE TABLET 200 MG","2819,2",DUS,10,28190,IDR,205,"OGB & PH",CUST55425,"APOTEK TAPAK",Aceh,EPM,Apotek
"IN6311 BRG0007",IN6311,23/01/2022,BRG0007,"ERGOTAMINE COFFEINE","4592,1",DUS,7,32144,IDR,206,ETIKAL,CUST55426,"APOTEK MAJA",Kuningan,TA,Apotek
"IN6248 BRG0008",IN6248,30/01/2022,BRG0008,"TETRACYCLINE KAPSUL 250 MG","3991,9",DUS,100,399100,IDR,204,MARCKS,CUST55427,"KLINIK GM",Jakarta,TA,Klinik
"IN6042 BRG0009",IN6042,31/01/2022,BRG0009,"AMBROXOL HC","5780,7",DUS,67,387260,IDR,207,VNS,CUST55428,"APOTEK MERDEKA",Bandung,TA,Apotek
"IN6133 BRG0010",IN6133,01/02/2022,BRG0010,PARACETAMOL,"6940,3",DUS,78,541320,IDR,208,SLCYL,CUST55429,"KLINIK SAHABAT",Tangerang,TD,Klinik
"IN6306 BRG0001",IN6306,27/01/2022,BRG0001,"ACYCLOVIR DUS","1169,91",DUS,45,52605,IDR,206,"OGB & PH",CUST55430,"APOTEK SINAR JAYA",Bekasi,TA,Apotek
"IN6253 BRG0002",IN6253,28/01/2022,BRG0002,"ALERGINE TABLET SALUT","2337,5",DUS,34,79458,IDR,203,ETIKAL,CUST55431,"APOTEK SAHABAT",Padang,EPM,Apotek
"IN5980 BRG0003",IN5980,23/01/2022,BRG0003,AMPICILLIN,"10690,6",DUS,20,213800,IDR,210,MARCKS,CUST55432,"APOTEK TAPAK",Aceh,EPM,Apotek
"IN6104 BRG0004",IN6104,30/01/2022,BRG0004,"TRAMADOL KAPSUL 50 MG","8700,7",DUS,45,391500,IDR,201,VNS,CUST55433,"APOTEK MAJA",Kuningan,TA,Apotek
"IN6050 BRG0005",IN6050,31/01/2022,BRG0005,"KLORPROMAZINA TABLET SALUT SELAPUT 100 MG","5648,3",DUS,34,192032,IDR,203,SLCYL,CUST55434,"KLINIK GM",Jakarta,TA,Klinik
"IN6054 BRG0006",IN6054,01/02/2022,BRG0006,"KETOCONAZOLE TABLET 200 MG","2819,2",DUS,34,95846,IDR,205,"OGB & PH",CUST55435,"APOTEK MERDEKA",Bandung,TA,Apotek
"IN6219 BRG0001",IN6219,27/01/2022,BRG0001,"ACYCLOVIR DUS","4592,1",DUS,34,156128,IDR,206,"OGB & PH",CUST55436,"KLINIK SAHABAT",Tangerang,TD,Klinik
"IN6053 BRG0002",IN6053,28/01/2022,BRG0002,"ALERGINE TABLET SALUT","3991,9",DUS,44,175604,IDR,203,ETIKAL,CUST55437,"APOTEK SINAR JAYA",Bekasi,TA,Apotek
"IN6217 BRG0003",IN6217,23/01/2022,BRG0003,AMPICILLIN,"5780,7",DUS,5,28900,IDR,210,MARCKS,CUST55438,"APOTEK SAHABAT",Padang,EPM,Apotek
"IN6323 BRG0004",IN6323,30/01/2022,BRG0004,"TRAMADOL KAPSUL 50 MG","6940,3",DUS,6,41640,IDR,201,VNS,CUST55439,"KLINIK DR. ANDRI",Lampung,TD,Klinik
"IN6241 BRG0001",IN6241,31/01/2022,BRG0001,"ACYCLOVIR DUS","1169,91",DUS,79,92351,IDR,206,"OGB & PH",CUST55440,"APOTEK TAPAK",Aceh,EPM,Apotek
"IN6134 BRG0002",IN6134,01/02/2022,BRG0002,"ALERGINE TABLET SALUT","2337,5",DUS,12,28044,IDR,203,ETIKAL,CUST55441,"APOTEK MAJA",Kuningan,TA,Apotek
"IN6124 BRG0003",IN6124,27/01/2022,BRG0003,AMPICILLIN,"10690,6",DUS,95,1015550,IDR,210,MARCKS,CUST55442,"KLINIK GM",Jakarta,TA,Klinik
"IN5981 BRG0004",IN5981,28/01/2022,BRG0004,"TRAMADOL KAPSUL 50 MG","8700,7",DUS,76,661200,IDR,201,VNS,CUST55443,"APOTEK MERDEKA",Bandung,TA,Apotek
"IN6220 BRG0005",IN6220,23/01/2022,BRG0005,"KLORPROMAZINA TABLET SALUT SELAPUT 100 MG","5648,3",DUS,48,271104,IDR,203,SLCYL,CUST55444,"KLINIK SAHABAT",Tangerang,TD,Klinik
"IN6122 BRG0006",IN6122,30/01/2022,BRG0006,"KETOCONAZOLE TABLET 200 MG","2819,2",DUS,21,59199,IDR,205,"OGB & PH",CUST55445,"APOTEK SINAR JAYA",Bekasi,TA,Apotek
"IN6255 BRG0007",IN6255,31/01/2022,BRG0007,"ERGOTAMINE COFFEINE","4592,1",DUS,22,101024,IDR,206,ETIKAL,CUST55446,"APOTEK SAHABAT",Padang,EPM,Apotek
"IN6005 BRG0008",IN6005,01/02/2022,BRG0008,"TETRACYCLINE KAPSUL 250 MG","3991,9",DUS,12,47892,IDR,204,MARCKS,CUST55447,"APOTEK TAPAK",Aceh,EPM,Apotek
"IN6327 BRG0009",IN6327,27/01/2022,BRG0009,"AMBROXOL HC","5780,7",DUS,25,144500,IDR,207,VNS,CUST55448,"APOTEK MAJA",Kuningan,TA,Apotek
"IN6119 BRG0010",IN6119,28/01/2022,BRG0010,PARACETAMOL,"6940,3",DUS,14,97160,IDR,208,SLCYL,CUST55449,"KLINIK GM",Jakarta,TA,Klinik
"IN6233 BRG0001",IN6233,23/01/2022,BRG0001,"ACYCLOVIR DUS","1169,91",DUS,24,28056,IDR,206,"OGB & PH",CUST55450,"APOTEK MERDEKA",Bandung,TA,Apotek
"IN6235 BRG0002",IN6235,30/01/2022,BRG0002,"ALERGINE TABLET SALUT","2337,5",DUS,10,23370,IDR,203,ETIKAL,CUST55451,"KLINIK SAHABAT",Tangerang,TD,Klinik
"IN6263 BRG0003",IN6263,31/01/2022,BRG0003,AMPICILLIN,"10690,6",DUS,130,1389700,IDR,210,MARCKS,CUST55452,"APOTEK SINAR JAYA",Bekasi,TA,Apotek
"IN6269 BRG0004",IN6269,01/02/2022,BRG0004,"TRAMADOL KAPSUL 50 MG","8700,7",DUS,12,104400,IDR,201,VNS,CUST55453,"APOTEK SAHABAT",Padang,EPM,Apotek
"IN6188 BRG0005",IN6188,27/01/2022,BRG0005,"KLORPROMAZINA TABLET SALUT SELAPUT 100 MG","5648,3",DUS,10,56480,IDR,203,SLCYL,CUST55454,"KLINIK DR. ANDRI",Lampung,TD,Klinik
"IN6116 BRG0006",IN6116,28/01/2022,BRG0006,"KETOCONAZOLE TABLET 200 MG","2819,2",DUS,67,188873,IDR,205,"OGB & PH",CUST55455,"APOTEK TAPAK",Aceh,EPM,Apotek
"IN6216 BRG0007",IN6216,23/01/2022,BRG0007,"ERGOTAMINE COFFEINE","4592,1",DUS,98,450016,IDR,206,ETIKAL,CUST55456,"APOTEK MAJA",Kuningan,TA,Apotek
"IN6099 BRG0008",IN6099,30/01/2022,BRG0008,"TETRACYCLINE KAPSUL 250 MG","3991,9",DUS,5,19955,IDR,204,MARCKS,CUST55457,"KLINIK GM",Jakarta,TA,Klinik
"IN6326 BRG0009",IN6326,31/01/2022,BRG0009,"AMBROXOL HC","5780,7",DUS,4,23120,IDR,207,VNS,CUST55458,"APOTEK MERDEKA",Bandung,TA,Apotek
"IN6267 BRG0010",IN6267,01/02/2022,BRG0010,PARACETAMOL,"6940,3",DUS,8,55520,IDR,208,SLCYL,CUST55459,"KLINIK SAHABAT",Tangerang,TD,Klinik
"IN6238 BRG0001",IN6238,27/01/2022,BRG0001,"ACYCLOVIR DUS","1169,91",DUS,9,10521,IDR,206,"OGB & PH",CUST55460,"APOTEK SINAR JAYA",Bekasi,TA,Apotek
"IN6214 BRG0002",IN6214,28/01/2022,BRG0002,"ALERGINE TABLET SALUT","2337,5",DUS,21,49077,IDR,203,ETIKAL,CUST55461,"APOTEK SAHABAT",Padang,EPM,Apotek
"IN6318 BRG0003",IN6318,23/01/2022,BRG0003,AMPICILLIN,"10690,6",DUS,22,235180,IDR,210,MARCKS,CUST55462,"APOTEK TAPAK",Aceh,EPM,Apotek
"IN6256 BRG0004",IN6256,30/01/2022,BRG0004,"TRAMADOL KAPSUL 50 MG","8700,7",DUS,12,104400,IDR,201,VNS,CUST55463,"APOTEK MAJA",Kuningan,TA,Apotek
"IN6048 BRG0005",IN6048,31/01/2022,BRG0005,"KLORPROMAZINA TABLET SALUT SELAPUT 100 MG","5648,3",DUS,25,141200,IDR,203,SLCYL,CUST55464,"KLINIK GM",Jakarta,TA,Klinik
"IN6120 BRG0006",IN6120,01/02/2022,BRG0006,"KETOCONAZOLE TABLET 200 MG","2819,2",DUS,14,39466,IDR,205,"OGB & PH",CUST55465,"APOTEK MERDEKA",Bandung,TA,Apotek
"IN6161 BRG0001",IN6161,27/01/2022,BRG0001,"ACYCLOVIR DUS","4592,1",DUS,24,110208,IDR,206,"OGB & PH",CUST55466,"KLINIK SAHABAT",Tangerang,TD,Klinik
"IN6292 BRG0002",IN6292,28/01/2022,BRG0002,"ALERGINE TABLET SALUT","3991,9",DUS,10,39910,IDR,203,ETIKAL,CUST55467,"APOTEK SINAR JAYA",Bekasi,TA,Apotek
"IN6286 BRG0003",IN6286,23/01/2022,BRG0003,AMPICILLIN,"5780,7",DUS,120,693600,IDR,210,MARCKS,CUST55468,"APOTEK SAHABAT",Padang,EPM,Apotek
"IN6008 BRG0004",IN6008,30/01/2022,BRG0004,"TRAMADOL KAPSUL 50 MG","6940,3",DUS,12,83280,IDR,201,VNS,CUST55469,"KLINIK DR. ANDRI",Lampung,TD,Klinik
"IN6040 BRG0001",IN6040,31/01/2022,BRG0001,"ACYCLOVIR DUS","1169,91",DUS,10,11690,IDR,206,"OGB & PH",CUST55470,"APOTEK TAPAK",Aceh,EPM,Apotek
"IN6084 BRG0002",IN6084,01/02/2022,BRG0002,"ALERGINE TABLET SALUT","2337,5",DUS,67,156579,IDR,203,ETIKAL,CUST55471,"APOTEK MAJA",Kuningan,TA,Apotek
"IN6074 BRG0003",IN6074,27/01/2022,BRG0003,AMPICILLIN,"10690,6",DUS,98,1047620,IDR,210,MARCKS,CUST55472,"KLINIK GM",Jakarta,TA,Klinik
"IN6200 BRG0004",IN6200,28/01/2022,BRG0004,"TRAMADOL KAPSUL 50 MG","8700,7",DUS,5,43500,IDR,201,VNS,CUST55473,"APOTEK MERDEKA",Bandung,TA,Apotek
"IN6065 BRG0005",IN6065,23/01/2022,BRG0005,"KLORPROMAZINA TABLET SALUT SELAPUT 100 MG","5648,3",DUS,4,22592,IDR,203,SLCYL,CUST55474,"KLINIK SAHABAT",Tangerang,TD,Klinik
"IN6208 BRG0006",IN6208,30/01/2022,BRG0006,"KETOCONAZOLE TABLET 200 MG","2819,2",DUS,8,22552,IDR,205,"OGB & PH",CUST55475,"APOTEK SINAR JAYA",Bekasi,TA,Apotek
"IN6148 BRG0007",IN6148,31/01/2022,BRG0007,"ERGOTAMINE COFFEINE","4592,1",DUS,9,41328,IDR,206,ETIKAL,CUST55476,"APOTEK SAHABAT",Padang,EPM,Apotek
"IN6072 BRG0008",IN6072,01/02/2022,BRG0008,"TETRACYCLINE KAPSUL 250 MG","3991,9",DUS,1,3991,IDR,204,MARCKS,CUST55477,"APOTEK TAPAK",Aceh,EPM,Apotek
"IN6095 BRG0009",IN6095,27/01/2022,BRG0009,"AMBROXOL HC","5780,7",DUS,5,28900,IDR,207,VNS,CUST55478,"APOTEK MAJA",Kuningan,TA,Apotek
"IN6049 BRG0010",IN6049,28/01/2022,BRG0010,PARACETAMOL,"6940,3",DUS,9,62460,IDR,208,SLCYL,CUST55479,"KLINIK GM",Jakarta,TA,Klinik
"IN6039 BRG0001",IN6039,23/01/2022,BRG0001,"ACYCLOVIR DUS","1169,91",DUS,13,15197,IDR,206,"OGB & PH",CUST55480,"APOTEK MERDEKA",Bandung,TA,Apotek
"IN6276 BRG0002",IN6276,30/01/2022,BRG0002,"ALERGINE TABLET SALUT","2337,5",DUS,1,2337,IDR,203,ETIKAL,CUST55481,"KLINIK SAHABAT",Tangerang,TD,Klinik
"IN6015 BRG0003",IN6015,31/01/2022,BRG0003,AMPICILLIN,"10690,6",DUS,5,53450,IDR,210,MARCKS,CUST55482,"APOTEK SINAR JAYA",Bekasi,TA,Apotek
"IN6185 BRG0004",IN6185,01/02/2022,BRG0004,"TRAMADOL KAPSUL 50 MG","8700,7",DUS,9,78300,IDR,201,VNS,CUST55483,"APOTEK SAHABAT",Padang,EPM,Apotek
"IN6258 BRG0005",IN6258,27/01/2022,BRG0005,"KLORPROMAZINA TABLET SALUT SELAPUT 100 MG","5648,3",DUS,1,5648,IDR,203,SLCYL,CUST55484,"KLINIK DR. ANDRI",Lampung,TD,Klinik
"IN6070 BRG0006",IN6070,28/01/2022,BRG0006,"KETOCONAZOLE TABLET 200 MG","2819,2",DUS,23,64837,IDR,205,"OGB & PH",CUST55485,"APOTEK TAPAK",Aceh,EPM,Apotek
"IN6210 BRG0007",IN6210,23/01/2022,BRG0007,"ERGOTAMINE COFFEINE","4592,1",DUS,4,18368,IDR,206,ETIKAL,CUST55486,"APOTEK MAJA",Kuningan,TA,Apotek
"IN6083 BRG0008",IN6083,30/01/2022,BRG0008,"TETRACYCLINE KAPSUL 250 MG","3991,9",DUS,2,7982,IDR,204,MARCKS,CUST55487,"KLINIK GM",Jakarta,TA,Klinik
"IN6322 BRG0009",IN6322,31/01/2022,BRG0009,"AMBROXOL HC","5780,7",DUS,17,98260,IDR,207,VNS,CUST55488,"APOTEK MERDEKA",Bandung,TA,Apotek
"IN6291 BRG0010",IN6291,01/02/2022,BRG0010,PARACETAMOL,"6940,3",DUS,11,76340,IDR,208,SLCYL,CUST55489,"KLINIK SAHABAT",Tangerang,TD,Klinik
"IN6062 BRG0001",IN6062,27/01/2022,BRG0001,"ACYCLOVIR DUS","1169,91",DUS,12,14028,IDR,206,"OGB & PH",CUST55490,"APOTEK SINAR JAYA",Bekasi,TA,Apotek
"IN6167 BRG0002",IN6167,28/01/2022,BRG0002,"ALERGINE TABLET SALUT","2337,5",DUS,12,28044,IDR,203,ETIKAL,CUST55491,"APOTEK SAHABAT",Padang,EPM,Apotek
"IN6289 BRG0003",IN6289,23/01/2022,BRG0003,AMPICILLIN,"10690,6",DUS,25,267250,IDR,210,MARCKS,CUST55492,"APOTEK TAPAK",Aceh,EPM,Apotek
"IN6305 BRG0004",IN6305,30/01/2022,BRG0004,"TRAMADOL KAPSUL 50 MG","8700,7",DUS,14,121800,IDR,201,VNS,CUST55493,"APOTEK MAJA",Kuningan,TA,Apotek
"IN6079 BRG0005",IN6079,31/01/2022,BRG0005,"KLORPROMAZINA TABLET SALUT SELAPUT 100 MG","5648,3",DUS,34,192032,IDR,203,SLCYL,CUST55494,"KLINIK GM",Jakarta,TA,Klinik
"IN6320 BRG0006",IN6320,01/02/2022,BRG0006,"KETOCONAZOLE TABLET 200 MG","2819,2",DUS,67,188873,IDR,205,"OGB & PH",CUST55495,"APOTEK MERDEKA",Bandung,TA,Apotek
"IN6103 BRG0001",IN6103,27/01/2022,BRG0001,"ACYCLOVIR DUS","4592,1",DUS,15,68880,IDR,206,"OGB & PH",CUST55496,"KLINIK SAHABAT",Tangerang,TD,Klinik
"IN6172 BRG0002",IN6172,28/01/2022,BRG0002,"ALERGINE TABLET SALUT","3991,9",DUS,12,47892,IDR,203,ETIKAL,CUST55497,"APOTEK SINAR JAYA",Bekasi,TA,Apotek
"IN6183 BRG0003",IN6183,23/01/2022,BRG0003,AMPICILLIN,"5780,7",DUS,25,144500,IDR,210,MARCKS,CUST55498,"APOTEK SAHABAT",Padang,EPM,Apotek
"IN6278 BRG0004",IN6278,30/01/2022,BRG0004,"TRAMADOL KAPSUL 50 MG","6940,3",DUS,14,97160,IDR,201,VNS,CUST55499,"KLINIK DR. ANDRI",Lampung,TD,Klinik
"IN6186 BRG0001",IN6186,31/01/2022,BRG0001,"ACYCLOVIR DUS","1169,91",DUS,18,21042,IDR,206,"OGB & PH",CUST55500,"APOTEK TAPAK",Aceh,EPM,Apotek
"IN6211 BRG0002",IN6211,01/02/2022,BRG0002,"ALERGINE TABLET SALUT","2337,5",DUS,18,42066,IDR,203,ETIKAL,CUST55501,"APOTEK MAJA",Kuningan,TA,Apotek
"IN6118 BRG0003",IN6118,27/01/2022,BRG0003,AMPICILLIN,"10690,6",DUS,19,203110,IDR,210,MARCKS,CUST55502,"KLINIK GM",Jakarta,TA,Klinik
"IN6162 BRG0004",IN6162,28/01/2022,BRG0004,"TRAMADOL KAPSUL 50 MG","8700,7",DUS,12,104400,IDR,201,VNS,CUST55503,"APOTEK MERDEKA",Bandung,TA,Apotek
"IN6221 BRG0005",IN6221,23/01/2022,BRG0005,"KLORPROMAZINA TABLET SALUT SELAPUT 100 MG","5648,3",DUS,25,141200,IDR,203,SLCYL,CUST55504,"KLINIK SAHABAT",Tangerang,TD,Klinik
"IN6170 BRG0006",IN6170,30/01/2022,BRG0006,"KETOCONAZOLE TABLET 200 MG","2819,2",DUS,14,39466,IDR,205,"OGB & PH",CUST55505,"APOTEK SINAR JAYA",Bekasi,TA,Apotek
"IN6045 BRG0007",IN6045,31/01/2022,BRG0007,"ERGOTAMINE COFFEINE","4592,1",DUS,21,96432,IDR,206,ETIKAL,CUST55506,"APOTEK SAHABAT",Padang,EPM,Apotek
"IN6300 BRG0008",IN6300,01/02/2022,BRG0008,"TETRACYCLINE KAPSUL 250 MG","3991,9",DUS,22,87802,IDR,204,MARCKS,CUST55507,"APOTEK TAPAK",Aceh,EPM,Apotek
"IN6228 BRG0009",IN6228,27/01/2022,BRG0009,"AMBROXOL HC","5780,7",DUS,12,69360,IDR,207,VNS,CUST55508,"APOTEK MAJA",Kuningan,TA,Apotek
"IN6199 BRG0010",IN6199,28/01/2022,BRG0010,PARACETAMOL,"6940,3",DUS,25,173500,IDR,208,SLCYL,CUST55509,"KLINIK GM",Jakarta,TA,Klinik
"IN6215 BRG0001",IN6215,23/01/2022,BRG0001,"ACYCLOVIR DUS","1169,91",DUS,14,16366,IDR,206,"OGB & PH",CUST55510,"APOTEK MERDEKA",Bandung,TA,Apotek
"IN6107 BRG0002",IN6107,30/01/2022,BRG0002,"ALERGINE TABLET SALUT","2337,5",DUS,24,56088,IDR,203,ETIKAL,CUST55511,"KLINIK SAHABAT",Tangerang,TD,Klinik
"IN6152 BRG0003",IN6152,31/01/2022,BRG0003,AMPICILLIN,"10690,6",DUS,10,106900,IDR,210,MARCKS,CUST55512,"APOTEK SINAR JAYA",Bekasi,TA,Apotek
"IN6017 BRG0004",IN6017,01/02/2022,BRG0004,"TRAMADOL KAPSUL 50 MG","8700,7",DUS,23,200100,IDR,201,VNS,CUST55513,"APOTEK SAHABAT",Padang,EPM,Apotek
"IN6299 BRG0005",IN6299,27/01/2022,BRG0005,"KLORPROMAZINA TABLET SALUT SELAPUT 100 MG","5648,3",DUS,12,67776,IDR,203,SLCYL,CUST55514,"KLINIK DR. ANDRI",Lampung,TD,Klinik
"IN6064 BRG0006",IN6064,28/01/2022,BRG0006,"KETOCONAZOLE TABLET 200 MG","2819,2",DUS,10,28190,IDR,205,"OGB & PH",CUST55515,"APOTEK TAPAK",Aceh,EPM,Apotek
"IN6308 BRG0007",IN6308,23/01/2022,BRG0007,"ERGOTAMINE COFFEINE","4592,1",DUS,67,307664,IDR,206,ETIKAL,CUST55516,"APOTEK MAJA",Kuningan,TA,Apotek
"IN6038 BRG0008",IN6038,30/01/2022,BRG0008,"TETRACYCLINE KAPSUL 250 MG","3991,9",DUS,98,391118,IDR,204,MARCKS,CUST55517,"KLINIK GM",Jakarta,TA,Klinik
"IN6130 BRG0009",IN6130,31/01/2022,BRG0009,"AMBROXOL HC","5780,7",DUS,5,28900,IDR,207,VNS,CUST55518,"APOTEK MERDEKA",Bandung,TA,Apotek
"IN6293 BRG0010",IN6293,01/02/2022,BRG0010,PARACETAMOL,"6940,3",DUS,4,27760,IDR,208,SLCYL,CUST55519,"KLINIK SAHABAT",Tangerang,TD,Klinik
"IN6205 BRG0001",IN6205,27/01/2022,BRG0001,"ACYCLOVIR DUS","1169,91",DUS,8,9352,IDR,206,"OGB & PH",CUST55520,"APOTEK SINAR JAYA",Bekasi,TA,Apotek
"IN6325 BRG0002",IN6325,28/01/2022,BRG0002,"ALERGINE TABLET SALUT","2337,5",DUS,9,21033,IDR,203,ETIKAL,CUST55521,"APOTEK SAHABAT",Padang,EPM,Apotek
"IN6317 BRG0003",IN6317,23/01/2022,BRG0003,AMPICILLIN,"10690,6",DUS,10,106900,IDR,210,MARCKS,CUST55522,"APOTEK TAPAK",Aceh,EPM,Apotek
"IN6025 BRG0004",IN6025,30/01/2022,BRG0004,"TRAMADOL KAPSUL 50 MG","8700,7",DUS,7,60900,IDR,201,VNS,CUST55523,"APOTEK MAJA",Kuningan,TA,Apotek
"IN6203 BRG0005",IN6203,31/01/2022,BRG0005,"KLORPROMAZINA TABLET SALUT SELAPUT 100 MG","5648,3",DUS,100,564800,IDR,203,SLCYL,CUST55524,"KLINIK GM",Jakarta,TA,Klinik
"IN6243 BRG0006",IN6243,01/02/2022,BRG0006,"KETOCONAZOLE TABLET 200 MG","2819,2",DUS,67,188873,IDR,205,"OGB & PH",CUST55525,"APOTEK MERDEKA",Bandung,TA,Apotek
"IN6136 BRG0001",IN6136,27/01/2022,BRG0001,"ACYCLOVIR DUS","4592,1",DUS,78,358176,IDR,206,"OGB & PH",CUST55526,"KLINIK SAHABAT",Tangerang,TD,Klinik
"IN6314 BRG0002",IN6314,28/01/2022,BRG0002,"ALERGINE TABLET SALUT","3991,9",DUS,45,179595,IDR,203,ETIKAL,CUST55527,"APOTEK SINAR JAYA",Bekasi,TA,Apotek
"IN6202 BRG0003",IN6202,23/01/2022,BRG0003,AMPICILLIN,"5780,7",DUS,34,196520,IDR,210,MARCKS,CUST55528,"APOTEK SAHABAT",Padang,EPM,Apotek
"IN6279 BRG0004",IN6279,30/01/2022,BRG0004,"TRAMADOL KAPSUL 50 MG","6940,3",DUS,20,138800,IDR,201,VNS,CUST55529,"KLINIK DR. ANDRI",Lampung,TD,Klinik
"IN6196 BRG0001",IN6196,31/01/2022,BRG0001,"ACYCLOVIR DUS","1169,91",DUS,45,52605,IDR,206,"OGB & PH",CUST55530,"APOTEK TAPAK",Aceh,EPM,Apotek
"IN6266 BRG0002",IN6266,01/02/2022,BRG0002,"ALERGINE TABLET SALUT","2337,5",DUS,34,79458,IDR,203,ETIKAL,CUST55531,"APOTEK MAJA",Kuningan,TA,Apotek
"IN6058 BRG0003",IN6058,27/01/2022,BRG0003,AMPICILLIN,"10690,6",DUS,34,363460,IDR,210,MARCKS,CUST55532,"KLINIK GM",Jakarta,TA,Klinik
"IN6246 BRG0004",IN6246,28/01/2022,BRG0004,"TRAMADOL KAPSUL 50 MG","8700,7",DUS,34,295800,IDR,201,VNS,CUST55533,"APOTEK MERDEKA",Bandung,TA,Apotek
"IN6242 BRG0005",IN6242,23/01/2022,BRG0005,"KLORPROMAZINA TABLET SALUT SELAPUT 100 MG","5648,3",DUS,44,248512,IDR,203,SLCYL,CUST55534,"KLINIK SAHABAT",Tangerang,TD,Klinik
"IN5982 BRG0006",IN5982,30/01/2022,BRG0006,"KETOCONAZOLE TABLET 200 MG","2819,2",DUS,5,14095,IDR,205,"OGB & PH",CUST55535,"APOTEK SINAR JAYA",Bekasi,TA,Apotek
"IN6068 BRG0007",IN6068,31/01/2022,BRG0007,"ERGOTAMINE COFFEINE","4592,1",DUS,6,27552,IDR,206,ETIKAL,CUST55536,"APOTEK SAHABAT",Padang,EPM,Apotek
"IN6128 BRG0008",IN6128,01/02/2022,BRG0008,"TETRACYCLINE KAPSUL 250 MG","3991,9",DUS,79,315289,IDR,204,MARCKS,CUST55537,"APOTEK TAPAK",Aceh,EPM,Apotek
"IN6066 BRG0009",IN6066,27/01/2022,BRG0009,"AMBROXOL HC","5780,7",DUS,12,69360,IDR,207,VNS,CUST55538,"APOTEK MAJA",Kuningan,TA,Apotek
"IN6303 BRG0010",IN6303,28/01/2022,BRG0010,PARACETAMOL,"6940,3",DUS,95,659300,IDR,208,SLCYL,CUST55539,"KLINIK GM",Jakarta,TA,Klinik
"IN6284 BRG0001",IN6284,23/01/2022,BRG0001,"ACYCLOVIR DUS","1169,91",DUS,76,88844,IDR,206,"OGB & PH",CUST55540,"APOTEK MERDEKA",Bandung,TA,Apotek
"IN6240 BRG0002",IN6240,30/01/2022,BRG0002,"ALERGINE TABLET SALUT","2337,5",DUS,48,112176,IDR,203,ETIKAL,CUST55541,"KLINIK SAHABAT",Tangerang,TD,Klinik
"IN6244 BRG0003",IN6244,31/01/2022,BRG0003,AMPICILLIN,"10690,6",DUS,21,224490,IDR,210,MARCKS,CUST55542,"APOTEK SINAR JAYA",Bekasi,TA,Apotek
"IN6060 BRG0004",IN6060,01/02/2022,BRG0004,"TRAMADOL KAPSUL 50 MG","8700,7",DUS,22,191400,IDR,201,VNS,CUST55543,"APOTEK SAHABAT",Padang,EPM,Apotek
"IN6254 BRG0005",IN6254,02/02/2022,BRG0005,"KLORPROMAZINA TABLET SALUT SELAPUT 100 MG","5648,3",DUS,12,67776,IDR,203,SLCYL,CUST55544,"KLINIK DR. ANDRI",Lampung,TD,Klinik
"IN6171 BRG0006",IN6171,03/02/2022,BRG0006,"KETOCONAZOLE TABLET 200 MG","2819,2",DUS,25,70475,IDR,205,"OGB & PH",CUST55545,"APOTEK TAPAK",Aceh,EPM,Apotek
"IN6002 BRG0007",IN6002,04/02/2022,BRG0007,"ERGOTAMINE COFFEINE","4592,1",DUS,14,64288,IDR,206,ETIKAL,CUST55546,"APOTEK MAJA",Kuningan,TA,Apotek
"IN6261 BRG0008",IN6261,05/02/2022,BRG0008,"TETRACYCLINE KAPSUL 250 MG","3991,9",DUS,24,95784,IDR,204,MARCKS,CUST55547,"KLINIK GM",Jakarta,TA,Klinik
"IN6088 BRG0009",IN6088,06/02/2022,BRG0009,"AMBROXOL HC","5780,7",DUS,10,57800,IDR,207,VNS,CUST55548,"APOTEK MERDEKA",Bandung,TA,Apotek
"IN6181 BRG0010",IN6181,07/02/2022,BRG0010,PARACETAMOL,"6940,3",DUS,130,902200,IDR,208,SLCYL,CUST55549,"KLINIK SAHABAT",Tangerang,TD,Klinik
"IN6135 BRG0001",IN6135,08/02/2022,BRG0001,"ACYCLOVIR DUS","1169,91",DUS,12,14028,IDR,206,"OGB & PH",CUST55550,"APOTEK SINAR JAYA",Bekasi,TA,Apotek
"IN5988 BRG0002",IN5988,09/02/2022,BRG0002,"ALERGINE TABLET SALUT","2337,5",DUS,10,23370,IDR,203,ETIKAL,CUST55551,"APOTEK SAHABAT",Padang,EPM,Apotek
"IN6234 BRG0003",IN6234,10/02/2022,BRG0003,AMPICILLIN,"10690,6",DUS,67,716230,IDR,210,MARCKS,CUST55552,"APOTEK TAPAK",Aceh,EPM,Apotek
"IN6319 BRG0004",IN6319,11/02/2022,BRG0004,"TRAMADOL KAPSUL 50 MG","8700,7",DUS,98,852600,IDR,201,VNS,CUST55553,"APOTEK MAJA",Kuningan,TA,Apotek
"IN6006 BRG0005",IN6006,12/02/2022,BRG0005,"KLORPROMAZINA TABLET SALUT SELAPUT 100 MG","5648,3",DUS,5,28240,IDR,203,SLCYL,CUST55554,"KLINIK GM",Jakarta,TA,Klinik
"IN6147 BRG0006",IN6147,13/02/2022,BRG0006,"KETOCONAZOLE TABLET 200 MG","2819,2",DUS,4,11276,IDR,205,"OGB & PH",CUST55555,"APOTEK MERDEKA",Bandung,TA,Apotek
"IN6129 BRG0001",IN6129,14/02/2022,BRG0001,"ACYCLOVIR DUS","4592,1",DUS,8,36736,IDR,206,"OGB & PH",CUST55556,"KLINIK SAHABAT",Tangerang,TD,Klinik
"IN5986 BRG0002",IN5986,15/02/2022,BRG0002,"ALERGINE TABLET SALUT","3991,9",DUS,9,35919,IDR,203,ETIKAL,CUST55557,"APOTEK SINAR JAYA",Bekasi,TA,Apotek
"IN6026 BRG0003",IN6026,16/02/2022,BRG0003,AMPICILLIN,"5780,7",DUS,21,121380,IDR,210,MARCKS,CUST55558,"APOTEK SAHABAT",Padang,EPM,Apotek
"IN6224 BRG0004",IN6224,17/02/2022,BRG0004,"TRAMADOL KAPSUL 50 MG","6940,3",DUS,22,152680,IDR,201,VNS,CUST55559,"KLINIK DR. ANDRI",Lampung,TD,Klinik
"IN6087 BRG0001",IN6087,18/02/2022,BRG0001,"ACYCLOVIR DUS","1169,91",DUS,12,14028,IDR,206,"OGB & PH",CUST55560,"APOTEK TAPAK",Aceh,EPM,Apotek
"IN6096 BRG0002",IN6096,19/02/2022,BRG0002,"ALERGINE TABLET SALUT","2337,5",DUS,25,58425,IDR,203,ETIKAL,CUST55561,"APOTEK MAJA",Kuningan,TA,Apotek
"IN6034 BRG0003",IN6034,20/02/2022,BRG0003,AMPICILLIN,"10690,6",DUS,14,149660,IDR,210,MARCKS,CUST55562,"KLINIK GM",Jakarta,TA,Klinik
"IN6231 BRG0004",IN6231,21/02/2022,BRG0004,"TRAMADOL KAPSUL 50 MG","8700,7",DUS,24,208800,IDR,201,VNS,CUST55563,"APOTEK MERDEKA",Bandung,TA,Apotek
"IN6260 BRG0005",IN6260,22/02/2022,BRG0005,"KLORPROMAZINA TABLET SALUT SELAPUT 100 MG","5648,3",DUS,10,56480,IDR,203,SLCYL,CUST55564,"KLINIK SAHABAT",Tangerang,TD,Klinik
"IN6302 BRG0006",IN6302,23/02/2022,BRG0006,"KETOCONAZOLE TABLET 200 MG","2819,2",DUS,120,338280,IDR,205,"OGB & PH",CUST55565,"APOTEK SINAR JAYA",Bekasi,TA,Apotek
"IN6061 BRG0007",IN6061,24/02/2022,BRG0007,"ERGOTAMINE COFFEINE","4592,1",DUS,12,55104,IDR,206,ETIKAL,CUST55566,"APOTEK SAHABAT",Padang,EPM,Apotek
"IN6011 BRG0008",IN6011,25/02/2022,BRG0008,"TETRACYCLINE KAPSUL 250 MG","3991,9",DUS,10,39910,IDR,204,MARCKS,CUST55567,"APOTEK TAPAK",Aceh,EPM,Apotek
"IN6275 BRG0009",IN6275,26/02/2022,BRG0009,"AMBROXOL HC","5780,7",DUS,67,387260,IDR,207,VNS,CUST55568,"APOTEK MAJA",Kuningan,TA,Apotek
"IN6114 BRG0010",IN6114,27/02/2022,BRG0010,PARACETAMOL,"6940,3",DUS,98,680120,IDR,208,SLCYL,CUST55569,"KLINIK GM",Jakarta,TA,Klinik
"IN6041 BRG0001",IN6041,28/02/2022,BRG0001,"ACYCLOVIR DUS","1169,91",DUS,5,5845,IDR,206,"OGB & PH",CUST55570,"APOTEK MERDEKA",Bandung,TA,Apotek
"IN6069 BRG0002",IN6069,01/03/2022,BRG0002,"ALERGINE TABLET SALUT","2337,5",DUS,4,9348,IDR,203,ETIKAL,CUST55571,"KLINIK SAHABAT",Tangerang,TD,Klinik
"IN6239 BRG0003",IN6239,02/03/2022,BRG0003,AMPICILLIN,"10690,6",DUS,8,85520,IDR,210,MARCKS,CUST55572,"APOTEK SINAR JAYA",Bekasi,TA,Apotek
"IN6137 BRG0004",IN6137,03/03/2022,BRG0004,"TRAMADOL KAPSUL 50 MG","8700,7",DUS,9,78300,IDR,201,VNS,CUST55573,"APOTEK SAHABAT",Padang,EPM,Apotek
"IN6189 BRG0005",IN6189,04/03/2022,BRG0005,"KLORPROMAZINA TABLET SALUT SELAPUT 100 MG","5648,3",DUS,1,5648,IDR,203,SLCYL,CUST55574,"KLINIK DR. ANDRI",Lampung,TD,Klinik
"IN6229 BRG0006",IN6229,05/03/2022,BRG0006,"KETOCONAZOLE TABLET 200 MG","2819,2",DUS,5,14095,IDR,205,"OGB & PH",CUST55575,"APOTEK TAPAK",Aceh,EPM,Apotek
"IN6110 BRG0007",IN6110,06/03/2022,BRG0007,"ERGOTAMINE COFFEINE","4592,1",DUS,9,41328,IDR,206,ETIKAL,CUST55576,"APOTEK MAJA",Kuningan,TA,Apotek
"IN6182 BRG0008",IN6182,07/03/2022,BRG0008,"TETRACYCLINE KAPSUL 250 MG","3991,9",DUS,13,51883,IDR,204,MARCKS,CUST55577,"KLINIK GM",Jakarta,TA,Klinik
"IN6164 BRG0009",IN6164,08/03/2022,BRG0009,"AMBROXOL HC","5780,7",DUS,1,5780,IDR,207,VNS,CUST55578,"APOTEK MERDEKA",Bandung,TA,Apotek
"IN6016 BRG0010",IN6016,09/03/2022,BRG0010,PARACETAMOL,"6940,3",DUS,5,34700,IDR,208,SLCYL,CUST55579,"KLINIK SAHABAT",Tangerang,TD,Klinik
"IN6043 BRG0001",IN6043,10/03/2022,BRG0001,"ACYCLOVIR DUS","1169,91",DUS,9,10521,IDR,206,"OGB & PH",CUST55580,"APOTEK SINAR JAYA",Bekasi,TA,Apotek
"IN6020 BRG0002",IN6020,11/03/2022,BRG0002,"ALERGINE TABLET SALUT","2337,5",DUS,1,2337,IDR,203,ETIKAL,CUST55581,"APOTEK SAHABAT",Padang,EPM,Apotek
"IN6206 BRG0003",IN6206,12/03/2022,BRG0003,AMPICILLIN,"10690,6",DUS,23,245870,IDR,210,MARCKS,CUST55582,"APOTEK TAPAK",Aceh,EPM,Apotek
"IN6055 BRG0004",IN6055,13/03/2022,BRG0004,"TRAMADOL KAPSUL 50 MG","8700,7",DUS,4,34800,IDR,201,VNS,CUST55583,"APOTEK MAJA",Kuningan,TA,Apotek
"IN6092 BRG0005",IN6092,14/03/2022,BRG0005,"KLORPROMAZINA TABLET SALUT SELAPUT 100 MG","5648,3",DUS,2,11296,IDR,203,SLCYL,CUST55584,"KLINIK GM",Jakarta,TA,Klinik
"IN6177 BRG0006",IN6177,15/03/2022,BRG0006,"KETOCONAZOLE TABLET 200 MG","2819,2",DUS,17,47923,IDR,205,"OGB & PH",CUST55585,"APOTEK MERDEKA",Bandung,TA,Apotek
"IN6209 BRG0001",IN6209,16/03/2022,BRG0001,"ACYCLOVIR DUS","4592,1",DUS,11,50512,IDR,206,"OGB & PH",CUST55586,"KLINIK SAHABAT",Tangerang,TD,Klinik
"IN6250 BRG0002",IN6250,17/03/2022,BRG0002,"ALERGINE TABLET SALUT","3991,9",DUS,12,47892,IDR,203,ETIKAL,CUST55587,"APOTEK SINAR JAYA",Bekasi,TA,Apotek
"IN6193 BRG0003",IN6193,18/03/2022,BRG0003,AMPICILLIN,"5780,7",DUS,12,69360,IDR,210,MARCKS,CUST55588,"APOTEK SAHABAT",Padang,EPM,Apotek
"IN6081 BRG0004",IN6081,19/03/2022,BRG0004,"TRAMADOL KAPSUL 50 MG","6940,3",DUS,25,173500,IDR,201,VNS,CUST55589,"KLINIK DR. ANDRI",Lampung,TD,Klinik
"IN6149 BRG0001",IN6149,20/03/2022,BRG0001,"ACYCLOVIR DUS","1169,91",DUS,14,16366,IDR,206,"OGB & PH",CUST55590,"APOTEK TAPAK",Aceh,EPM,Apotek
"IN6014 BRG0002",IN6014,21/03/2022,BRG0002,"ALERGINE TABLET SALUT","2337,5",DUS,34,79458,IDR,203,ETIKAL,CUST55591,"APOTEK MAJA",Kuningan,TA,Apotek
"IN6290 BRG0003",IN6290,22/03/2022,BRG0003,AMPICILLIN,"10690,6",DUS,67,716230,IDR,210,MARCKS,CUST55592,"KLINIK GM",Jakarta,TA,Klinik
"IN6051 BRG0004",IN6051,23/03/2022,BRG0004,"TRAMADOL KAPSUL 50 MG","8700,7",DUS,15,130500,IDR,201,VNS,CUST55593,"APOTEK MERDEKA",Bandung,TA,Apotek
"IN6076 BRG0005",IN6076,24/03/2022,BRG0005,"KLORPROMAZINA TABLET SALUT SELAPUT 100 MG","5648,3",DUS,12,67776,IDR,203,SLCYL,CUST55594,"KLINIK SAHABAT",Tangerang,TD,Klinik
"IN6140 BRG0006",IN6140,25/03/2022,BRG0006,"KETOCONAZOLE TABLET 200 MG","2819,2",DUS,25,70475,IDR,205,"OGB & PH",CUST55595,"APOTEK SINAR JAYA",Bekasi,TA,Apotek
"IN6080 BRG0007",IN6080,26/03/2022,BRG0007,"ERGOTAMINE COFFEINE","4592,1",DUS,14,64288,IDR,206,ETIKAL,CUST55596,"APOTEK SAHABAT",Padang,EPM,Apotek
"IN6153 BRG0008",IN6153,27/03/2022,BRG0008,"TETRACYCLINE KAPSUL 250 MG","3991,9",DUS,18,71838,IDR,204,MARCKS,CUST55597,"APOTEK TAPAK",Aceh,EPM,Apotek
"IN5979 BRG0009",IN5979,28/03/2022,BRG0009,"AMBROXOL HC","5780,7",DUS,18,104040,IDR,207,VNS,CUST55598,"APOTEK MAJA",Kuningan,TA,Apotek
"IN6098 BRG0010",IN6098,29/03/2022,BRG0010,PARACETAMOL,"6940,3",DUS,19,131860,IDR,208,SLCYL,CUST55599,"KLINIK GM",Jakarta,TA,Klinik
"IN6078 BRG0001",IN6078,30/03/2022,BRG0001,"ACYCLOVIR DUS","1169,91",DUS,12,14028,IDR,206,"OGB & PH",CUST55600,"APOTEK MERDEKA",Bandung,TA,Apotek
"IN6085 BRG0002",IN6085,31/03/2022,BRG0002,"ALERGINE TABLET SALUT","2337,5",DUS,25,58425,IDR,203,ETIKAL,CUST55601,"KLINIK SAHABAT",Tangerang,TD,Klinik
"IN6018 BRG0003",IN6018,01/04/2022,BRG0003,AMPICILLIN,"10690,6",DUS,14,149660,IDR,210,MARCKS,CUST55602,"APOTEK SINAR JAYA",Bekasi,TA,Apotek
"IN6001 BRG0004",IN6001,02/04/2022,BRG0004,"TRAMADOL KAPSUL 50 MG","8700,7",DUS,21,182700,IDR,201,VNS,CUST55603,"APOTEK SAHABAT",Padang,EPM,Apotek
"IN6271 BRG0005",IN6271,03/04/2022,BRG0005,"KLORPROMAZINA TABLET SALUT SELAPUT 100 MG","5648,3",DUS,22,124256,IDR,203,SLCYL,CUST55604,"KLINIK DR. ANDRI",Lampung,TD,Klinik
"IN6207 BRG0006",IN6207,04/04/2022,BRG0006,"KETOCONAZOLE TABLET 200 MG","2819,2",DUS,12,33828,IDR,205,"OGB & PH",CUST55605,"APOTEK TAPAK",Aceh,EPM,Apotek
"IN6187 BRG0007",IN6187,05/04/2022,BRG0007,"ERGOTAMINE COFFEINE","4592,1",DUS,25,114800,IDR,206,ETIKAL,CUST55606,"APOTEK MAJA",Kuningan,TA,Apotek
"IN5995 BRG0008",IN5995,06/04/2022,BRG0008,"TETRACYCLINE KAPSUL 250 MG","3991,9",DUS,14,55874,IDR,204,MARCKS,CUST55607,"KLINIK GM",Jakarta,TA,Klinik
"IN6156 BRG0009",IN6156,07/04/2022,BRG0009,"AMBROXOL HC","5780,7",DUS,24,138720,IDR,207,VNS,CUST55608,"APOTEK MERDEKA",Bandung,TA,Apotek
"IN6232 BRG0010",IN6232,08/04/2022,BRG0010,PARACETAMOL,"6940,3",DUS,10,69400,IDR,208,SLCYL,CUST55609,"KLINIK SAHABAT",Tangerang,TD,Klinik
"IN5998 BRG0001",IN5998,09/04/2022,BRG0001,"ACYCLOVIR DUS","1169,91",DUS,23,26887,IDR,206,"OGB & PH",CUST55610,"APOTEK SINAR JAYA",Bekasi,TA,Apotek
"IN6227 BRG0002",IN6227,10/04/2022,BRG0002,"ALERGINE TABLET SALUT","2337,5",DUS,12,28044,IDR,203,ETIKAL,CUST55611,"APOTEK SAHABAT",Padang,EPM,Apotek
"IN6027 BRG0003",IN6027,11/04/2022,BRG0003,AMPICILLIN,"10690,6",DUS,10,106900,IDR,210,MARCKS,CUST55612,"APOTEK TAPAK",Aceh,EPM,Apotek
"IN6157 BRG0004",IN6157,12/04/2022,BRG0004,"TRAMADOL KAPSUL 50 MG","8700,7",DUS,67,582900,IDR,201,VNS,CUST55613,"APOTEK MAJA",Kuningan,TA,Apotek
"IN6180 BRG0005",IN6180,13/04/2022,BRG0005,"KLORPROMAZINA TABLET SALUT SELAPUT 100 MG","5648,3",DUS,98,553504,IDR,203,SLCYL,CUST55614,"KLINIK GM",Jakarta,TA,Klinik
"IN6257 BRG0006",IN6257,14/04/2022,BRG0006,"KETOCONAZOLE TABLET 200 MG","2819,2",DUS,5,14095,IDR,205,"OGB & PH",CUST55615,"APOTEK MERDEKA",Bandung,TA,Apotek
"IN6031 BRG0001",IN6031,15/04/2022,BRG0001,"ACYCLOVIR DUS","4592,1",DUS,4,18368,IDR,206,"OGB & PH",CUST55616,"KLINIK SAHABAT",Tangerang,TD,Klinik
"IN6082 BRG0002",IN6082,16/04/2022,BRG0002,"ALERGINE TABLET SALUT","3991,9",DUS,8,31928,IDR,203,ETIKAL,CUST55617,"APOTEK SINAR JAYA",Bekasi,TA,Apotek
"IN6174 BRG0003",IN6174,17/04/2022,BRG0003,AMPICILLIN,"5780,7",DUS,9,52020,IDR,210,MARCKS,CUST55618,"APOTEK SAHABAT",Padang,EPM,Apotek
"IN6237 BRG0004",IN6237,18/04/2022,BRG0004,"TRAMADOL KAPSUL 50 MG","6940,3",DUS,10,69400,IDR,201,VNS,CUST55619,"KLINIK DR. ANDRI",Lampung,TD,Klinik
"IN6021 BRG0001",IN6021,19/04/2022,BRG0001,"ACYCLOVIR DUS","1169,91",DUS,7,8183,IDR,206,"OGB & PH",CUST55620,"APOTEK TAPAK",Aceh,EPM,Apotek
"IN6056 BRG0002",IN6056,20/04/2022,BRG0002,"ALERGINE TABLET SALUT","2337,5",DUS,100,233700,IDR,203,ETIKAL,CUST55621,"APOTEK MAJA",Kuningan,TA,Apotek
"IN5983 BRG0003",IN5983,21/04/2022,BRG0003,AMPICILLIN,"10690,6",DUS,67,716230,IDR,210,MARCKS,CUST55622,"KLINIK GM",Jakarta,TA,Klinik
"IN6139 BRG0004",IN6139,22/04/2022,BRG0004,"TRAMADOL KAPSUL 50 MG","8700,7",DUS,78,678600,IDR,201,VNS,CUST55623,"APOTEK MERDEKA",Bandung,TA,Apotek
"IN6126 BRG0005",IN6126,23/04/2022,BRG0005,"KLORPROMAZINA TABLET SALUT SELAPUT 100 MG","5648,3",DUS,45,254160,IDR,203,SLCYL,CUST55624,"KLINIK SAHABAT",Tangerang,TD,Klinik
"IN6127 BRG0006",IN6127,24/04/2022,BRG0006,"KETOCONAZOLE TABLET 200 MG","2819,2",DUS,34,95846,IDR,205,"OGB & PH",CUST55625,"APOTEK SINAR JAYA",Bekasi,TA,Apotek
"IN6035 BRG0007",IN6035,25/04/2022,BRG0007,"ERGOTAMINE COFFEINE","4592,1",DUS,20,91840,IDR,206,ETIKAL,CUST55626,"APOTEK SAHABAT",Padang,EPM,Apotek
"IN6309 BRG0008",IN6309,26/04/2022,BRG0008,"TETRACYCLINE KAPSUL 250 MG","3991,9",DUS,45,179595,IDR,204,MARCKS,CUST55627,"APOTEK TAPAK",Aceh,EPM,Apotek
"IN6073 BRG0009",IN6073,27/04/2022,BRG0009,"AMBROXOL HC","5780,7",DUS,34,196520,IDR,207,VNS,CUST55628,"APOTEK MAJA",Kuningan,TA,Apotek
"IN6277 BRG0010",IN6277,28/04/2022,BRG0010,PARACETAMOL,"6940,3",DUS,34,235960,IDR,208,SLCYL,CUST55629,"KLINIK GM",Jakarta,TA,Klinik
"IN6197 BRG0001",IN6197,29/04/2022,BRG0001,"ACYCLOVIR DUS","1169,91",DUS,34,39746,IDR,206,"OGB & PH",CUST55630,"APOTEK MERDEKA",Bandung,TA,Apotek
"IN6225 BRG0002",IN6225,30/04/2022,BRG0002,"ALERGINE TABLET SALUT","2337,5",DUS,44,102828,IDR,203,ETIKAL,CUST55631,"KLINIK SAHABAT",Tangerang,TD,Klinik
"IN5999 BRG0003",IN5999,01/05/2022,BRG0003,AMPICILLIN,"10690,6",DUS,5,53450,IDR,210,MARCKS,CUST55632,"APOTEK SINAR JAYA",Bekasi,TA,Apotek
"IN6223 BRG0004",IN6223,02/05/2022,BRG0004,"TRAMADOL KAPSUL 50 MG","8700,7",DUS,6,52200,IDR,201,VNS,CUST55633,"APOTEK SAHABAT",Padang,EPM,Apotek
"IN6273 BRG0005",IN6273,03/05/2022,BRG0005,"KLORPROMAZINA TABLET SALUT SELAPUT 100 MG","5648,3",DUS,79,446192,IDR,203,SLCYL,CUST55634,"KLINIK DR. ANDRI",Lampung,TD,Klinik
"IN6047 BRG0006",IN6047,26/04/2022,BRG0006,"KETOCONAZOLE TABLET 200 MG","2819,2",DUS,12,33828,IDR,205,"OGB & PH",CUST55635,"APOTEK TAPAK",Aceh,EPM,Apotek
"IN6071 BRG0007",IN6071,27/04/2022,BRG0007,"ERGOTAMINE COFFEINE","4592,1",DUS,95,436240,IDR,206,ETIKAL,CUST55636,"APOTEK MAJA",Kuningan,TA,Apotek
"IN6009 BRG0008",IN6009,28/04/2022,BRG0008,"TETRACYCLINE KAPSUL 250 MG","3991,9",DUS,76,303316,IDR,204,MARCKS,CUST55637,"KLINIK GM",Jakarta,TA,Klinik
"IN6075 BRG0009",IN6075,16/04/2022,BRG0009,"AMBROXOL HC","5780,7",DUS,48,277440,IDR,207,VNS,CUST55638,"APOTEK MERDEKA",Bandung,TA,Apotek
"IN6218 BRG0010",IN6218,17/04/2022,BRG0010,PARACETAMOL,"6940,3",DUS,21,145740,IDR,208,SLCYL,CUST55639,"KLINIK SAHABAT",Tangerang,TD,Klinik
"IN5985 BRG0001",IN5985,18/04/2022,BRG0001,"ACYCLOVIR DUS","1169,91",DUS,22,25718,IDR,206,"OGB & PH",CUST55640,"APOTEK SINAR JAYA",Bekasi,TA,Apotek
"IN6154 BRG0002",IN6154,19/04/2022,BRG0002,"ALERGINE TABLET SALUT","2337,5",DUS,12,28044,IDR,203,ETIKAL,CUST55641,"APOTEK SAHABAT",Padang,EPM,Apotek
"IN6145 BRG0003",IN6145,20/04/2022,BRG0003,AMPICILLIN,"10690,6",DUS,25,267250,IDR,210,MARCKS,CUST55642,"APOTEK TAPAK",Aceh,EPM,Apotek
"IN6315 BRG0004",IN6315,21/04/2022,BRG0004,"TRAMADOL KAPSUL 50 MG","8700,7",DUS,14,121800,IDR,201,VNS,CUST55643,"APOTEK MAJA",Kuningan,TA,Apotek
"IN6168 BRG0005",IN6168,13/05/2022,BRG0005,"KLORPROMAZINA TABLET SALUT SELAPUT 100 MG","5648,3",DUS,24,135552,IDR,203,SLCYL,CUST55644,"KLINIK GM",Jakarta,TA,Klinik
"IN6192 BRG0006",IN6192,14/05/2022,BRG0006,"KETOCONAZOLE TABLET 200 MG","2819,2",DUS,10,28190,IDR,205,"OGB & PH",CUST55645,"APOTEK MERDEKA",Bandung,TA,Apotek
"IN6285 BRG0001",IN6285,15/05/2022,BRG0001,"ACYCLOVIR DUS","4592,1",DUS,130,596960,IDR,206,"OGB & PH",CUST55646,"KLINIK SAHABAT",Tangerang,TD,Klinik
"IN6077 BRG0002",IN6077,16/05/2022,BRG0002,"ALERGINE TABLET SALUT","3991,9",DUS,12,47892,IDR,203,ETIKAL,CUST55647,"APOTEK SINAR JAYA",Bekasi,TA,Apotek
"IN6057 BRG0003",IN6057,17/05/2022,BRG0003,AMPICILLIN,"5780,7",DUS,10,57800,IDR,210,MARCKS,CUST55648,"APOTEK SAHABAT",Padang,EPM,Apotek
"IN6252 BRG0004",IN6252,18/05/2022,BRG0004,"TRAMADOL KAPSUL 50 MG","6940,3",DUS,67,464980,IDR,201,VNS,CUST55649,"KLINIK DR. ANDRI",Lampung,TD,Klinik
"IN6272 BRG0001",IN6272,19/05/2022,BRG0001,"ACYCLOVIR DUS","1169,91",DUS,98,114562,IDR,206,"OGB & PH",CUST55650,"APOTEK TAPAK",Aceh,EPM,Apotek
"IN6150 BRG0002",IN6150,20/05/2022,BRG0002,"ALERGINE TABLET SALUT","2337,5",DUS,5,11685,IDR,203,ETIKAL,CUST55651,"APOTEK MAJA",Kuningan,TA,Apotek
"IN6298 BRG0003",IN6298,21/05/2022,BRG0003,AMPICILLIN,"10690,6",DUS,4,42760,IDR,210,MARCKS,CUST55652,"KLINIK GM",Jakarta,TA,Klinik
"IN6295 BRG0004",IN6295,22/05/2022,BRG0004,"TRAMADOL KAPSUL 50 MG","8700,7",DUS,8,69600,IDR,201,VNS,CUST55653,"APOTEK MERDEKA",Bandung,TA,Apotek
"IN6022 BRG0005",IN6022,23/05/2022,BRG0005,"KLORPROMAZINA TABLET SALUT SELAPUT 100 MG","5648,3",DUS,9,50832,IDR,203,SLCYL,CUST55654,"KLINIK SAHABAT",Tangerang,TD,Klinik
"IN6090 BRG0006",IN6090,24/05/2022,BRG0006,"KETOCONAZOLE TABLET 200 MG","2819,2",DUS,21,59199,IDR,205,"OGB & PH",CUST55655,"APOTEK SINAR JAYA",Bekasi,TA,Apotek
"IN5996 BRG0007",IN5996,25/05/2022,BRG0007,"ERGOTAMINE COFFEINE","4592,1",DUS,22,101024,IDR,206,ETIKAL,CUST55656,"APOTEK SAHABAT",Padang,EPM,Apotek
"IN6111 BRG0008",IN6111,26/05/2022,BRG0008,"TETRACYCLINE KAPSUL 250 MG","3991,9",DUS,12,47892,IDR,204,MARCKS,CUST55657,"APOTEK TAPAK",Aceh,EPM,Apotek
"IN6194 BRG0009",IN6194,18/04/2022,BRG0009,"AMBROXOL HC","5780,7",DUS,25,144500,IDR,207,VNS,CUST55658,"APOTEK MAJA",Kuningan,TA,Apotek
"IN5987 BRG0010",IN5987,19/04/2022,BRG0010,PARACETAMOL,"6940,3",DUS,14,97160,IDR,208,SLCYL,CUST55659,"KLINIK GM",Jakarta,TA,Klinik
"IN6313 BRG0001",IN6313,20/04/2022,BRG0001,"ACYCLOVIR DUS","1169,91",DUS,24,28056,IDR,206,"OGB & PH",CUST55660,"APOTEK MERDEKA",Bandung,TA,Apotek
"IN6138 BRG0002",IN6138,18/04/2022,BRG0002,"ALERGINE TABLET SALUT","2337,5",DUS,10,23370,IDR,203,ETIKAL,CUST55661,"KLINIK SAHABAT",Tangerang,TD,Klinik
"IN6316 BRG0003",IN6316,19/04/2022,BRG0003,AMPICILLIN,"10690,6",DUS,120,1282800,IDR,210,MARCKS,CUST55662,"APOTEK SINAR JAYA",Bekasi,TA,Apotek
"IN6019 BRG0004",IN6019,20/04/2022,BRG0004,"TRAMADOL KAPSUL 50 MG","8700,7",DUS,12,104400,IDR,201,VNS,CUST55663,"APOTEK SAHABAT",Padang,EPM,Apotek
"IN6283 BRG0005",IN6283,19/05/2022,BRG0005,"KLORPROMAZINA TABLET SALUT SELAPUT 100 MG","5648,3",DUS,10,56480,IDR,203,SLCYL,CUST55664,"KLINIK DR. ANDRI",Lampung,TD,Klinik
"IN6169 BRG0006",IN6169,20/05/2022,BRG0006,"KETOCONAZOLE TABLET 200 MG","2819,2",DUS,67,188873,IDR,205,"OGB & PH",CUST55665,"APOTEK TAPAK",Aceh,EPM,Apotek
"IN6121 BRG0007",IN6121,21/05/2022,BRG0007,"ERGOTAMINE COFFEINE","4592,1",DUS,98,450016,IDR,206,ETIKAL,CUST55666,"APOTEK MAJA",Kuningan,TA,Apotek
"IN6117 BRG0008",IN6117,22/05/2022,BRG0008,"TETRACYCLINE KAPSUL 250 MG","3991,9",DUS,5,19955,IDR,204,MARCKS,CUST55667,"KLINIK GM",Jakarta,TA,Klinik
"IN6201 BRG0009",IN6201,23/05/2022,BRG0009,"AMBROXOL HC","5780,7",DUS,4,23120,IDR,207,VNS,CUST55668,"APOTEK MERDEKA",Bandung,TA,Apotek
"IN6179 BRG0010",IN6179,24/05/2022,BRG0010,PARACETAMOL,"6940,3",DUS,8,55520,IDR,208,SLCYL,CUST55669,"KLINIK SAHABAT",Tangerang,TD,Klinik
"IN5978 BRG0001",IN5978,25/05/2022,BRG0001,"ACYCLOVIR DUS","1169,91",DUS,9,10521,IDR,206,"OGB & PH",CUST55670,"APOTEK SINAR JAYA",Bekasi,TA,Apotek
"IN5993 BRG0002",IN5993,26/05/2022,BRG0002,"ALERGINE TABLET SALUT","2337,5",DUS,1,2337,IDR,203,ETIKAL,CUST55671,"APOTEK SAHABAT",Padang,EPM,Apotek
"IN6160 BRG0003",IN6160,27/05/2022,BRG0003,AMPICILLIN,"10690,6",DUS,5,53450,IDR,210,MARCKS,CUST55672,"APOTEK TAPAK",Aceh,EPM,Apotek
"IN6282 BRG0004",IN6282,28/05/2022,BRG0004,"TRAMADOL KAPSUL 50 MG","8700,7",DUS,9,78300,IDR,201,VNS,CUST55673,"APOTEK MAJA",Kuningan,TA,Apotek
"IN6093 BRG0005",IN6093,29/05/2022,BRG0005,"KLORPROMAZINA TABLET SALUT SELAPUT 100 MG","5648,3",DUS,13,73424,IDR,203,SLCYL,CUST55674,"KLINIK GM",Jakarta,TA,Klinik
"IN6166 BRG0006",IN6166,30/05/2022,BRG0006,"KETOCONAZOLE TABLET 200 MG","2819,2",DUS,1,2819,IDR,205,"OGB & PH",CUST55675,"APOTEK MERDEKA",Bandung,TA,Apotek
"IN6010 BRG0001",IN6010,31/05/2022,BRG0001,"ACYCLOVIR DUS","4592,1",DUS,5,22960,IDR,206,"OGB & PH",CUST55676,"KLINIK SAHABAT",Tangerang,TD,Klinik
"IN6100 BRG0002",IN6100,01/06/2022,BRG0002,"ALERGINE TABLET SALUT","3991,9",DUS,9,35919,IDR,203,ETIKAL,CUST55677,"APOTEK SINAR JAYA",Bekasi,TA,Apotek
"IN6222 BRG0003",IN6222,02/06/2022,BRG0003,AMPICILLIN,"5780,7",DUS,1,5780,IDR,210,MARCKS,CUST55678,"APOTEK SAHABAT",Padang,EPM,Apotek
"IN6032 BRG0004",IN6032,03/06/2022,BRG0004,"TRAMADOL KAPSUL 50 MG","6940,3",DUS,23,159620,IDR,201,VNS,CUST55679,"KLINIK DR. ANDRI",Lampung,TD,Klinik
"IN6198 BRG0001",IN6198,04/06/2022,BRG0001,"ACYCLOVIR DUS","1169,91",DUS,4,4676,IDR,206,"OGB & PH",CUST55680,"APOTEK TAPAK",Aceh,EPM,Apotek
"IN6212 BRG0002",IN6212,05/06/2022,BRG0002,"ALERGINE TABLET SALUT","2337,5",DUS,2,4674,IDR,203,ETIKAL,CUST55681,"APOTEK MAJA",Kuningan,TA,Apotek
"IN6288 BRG0003",IN6288,06/06/2022,BRG0003,AMPICILLIN,"10690,6",DUS,17,181730,IDR,210,MARCKS,CUST55682,"KLINIK GM",Jakarta,TA,Klinik
"IN6059 BRG0004",IN6059,07/06/2022,BRG0004,"TRAMADOL KAPSUL 50 MG","8700,7",DUS,11,95700,IDR,201,VNS,CUST55683,"APOTEK MERDEKA",Bandung,TA,Apotek
"IN6236 BRG0005",IN6236,08/06/2022,BRG0005,"KLORPROMAZINA TABLET SALUT SELAPUT 100 MG","5648,3",DUS,12,67776,IDR,203,SLCYL,CUST55684,"KLINIK SAHABAT",Tangerang,TD,Klinik
"IN6296 BRG0006",IN6296,09/06/2022,BRG0006,"KETOCONAZOLE TABLET 200 MG","2819,2",DUS,12,33828,IDR,205,"OGB & PH",CUST55685,"APOTEK SINAR JAYA",Bekasi,TA,Apotek
"IN6324 BRG0007",IN6324,10/06/2022,BRG0007,"ERGOTAMINE COFFEINE","4592,1",DUS,25,114800,IDR,206,ETIKAL,CUST55686,"APOTEK SAHABAT",Padang,EPM,Apotek
"IN6091 BRG0008",IN6091,11/06/2022,BRG0008,"TETRACYCLINE KAPSUL 250 MG","3991,9",DUS,14,55874,IDR,204,MARCKS,CUST55687,"APOTEK TAPAK",Aceh,EPM,Apotek
"IN6033 BRG0009",IN6033,12/06/2022,BRG0009,"AMBROXOL HC","5780,7",DUS,34,196520,IDR,207,VNS,CUST55688,"APOTEK MAJA",Kuningan,TA,Apotek
"IN6159 BRG0010",IN6159,13/06/2022,BRG0010,PARACETAMOL,"6940,3",DUS,67,464980,IDR,208,SLCYL,CUST55689,"KLINIK GM",Jakarta,TA,Klinik
"IN6264 BRG0001",IN6264,14/06/2022,BRG0001,"ACYCLOVIR DUS","1169,91",DUS,15,17535,IDR,206,"OGB & PH",CUST55690,"APOTEK MERDEKA",Bandung,TA,Apotek
"IN6046 BRG0002",IN6046,15/06/2022,BRG0002,"ALERGINE TABLET SALUT","2337,5",DUS,12,28044,IDR,203,ETIKAL,CUST55691,"KLINIK SAHABAT",Tangerang,TD,Klinik
"IN6268 BRG0003",IN6268,16/06/2022,BRG0003,AMPICILLIN,"10690,6",DUS,25,267250,IDR,210,MARCKS,CUST55692,"APOTEK SINAR JAYA",Bekasi,TA,Apotek
"IN6310 BRG0004",IN6310,30/04/2022,BRG0004,"TRAMADOL KAPSUL 50 MG","8700,7",DUS,14,121800,IDR,201,VNS,CUST55693,"APOTEK SAHABAT",Padang,EPM,Apotek
"IN6044 BRG0005",IN6044,01/05/2022,BRG0005,"KLORPROMAZINA TABLET SALUT SELAPUT 100 MG","5648,3",DUS,18,101664,IDR,203,SLCYL,CUST55694,"KLINIK DR. ANDRI",Lampung,TD,Klinik
"IN6178 BRG0006",IN6178,02/05/2022,BRG0006,"KETOCONAZOLE TABLET 200 MG","2819,2",DUS,18,50742,IDR,205,"OGB & PH",CUST55695,"APOTEK TAPAK",Aceh,EPM,Apotek
"IN6270 BRG0007",IN6270,03/05/2022,BRG0007,"ERGOTAMINE COFFEINE","4592,1",DUS,19,87248,IDR,206,ETIKAL,CUST55696,"APOTEK MAJA",Kuningan,TA,Apotek
"IN6123 BRG0008",IN6123,16/06/2022,BRG0008,"TETRACYCLINE KAPSUL 250 MG","3991,9",DUS,12,47892,IDR,204,MARCKS,CUST55697,"KLINIK GM",Jakarta,TA,Klinik
"IN6265 BRG0009",IN6265,30/04/2022,BRG0009,"AMBROXOL HC","5780,7",DUS,25,144500,IDR,207,VNS,CUST55698,"APOTEK MERDEKA",Bandung,TA,Apotek
"IN6158 BRG0010",IN6158,01/05/2022,BRG0010,PARACETAMOL,"6940,3",DUS,14,97160,IDR,208,SLCYL,CUST55699,"KLINIK SAHABAT",Tangerang,TD,Klinik
"IN6105 BRG0001",IN6105,02/05/2022,BRG0001,"ACYCLOVIR DUS","1169,91",DUS,21,24549,IDR,206,"OGB & PH",CUST55700,"APOTEK SINAR JAYA",Bekasi,TA,Apotek
"IN6213 BRG0002",IN6213,03/05/2022,BRG0002,"ALERGINE TABLET SALUT","2337,5",DUS,22,51414,IDR,203,ETIKAL,CUST55701,"APOTEK SAHABAT",Padang,EPM,Apotek
"IN6109 BRG0003",IN6109,16/06/2022,BRG0003,AMPICILLIN,"10690,6",DUS,12,128280,IDR,210,MARCKS,CUST55702,"APOTEK TAPAK",Aceh,EPM,Apotek
"IN6249 BRG0004",IN6249,30/04/2022,BRG0004,"TRAMADOL KAPSUL 50 MG","8700,7",DUS,25,217500,IDR,201,VNS,CUST55703,"APOTEK MAJA",Kuningan,TA,Apotek
"IN6067 BRG0005",IN6067,01/05/2022,BRG0005,"KLORPROMAZINA TABLET SALUT SELAPUT 100 MG","5648,3",DUS,14,79072,IDR,203,SLCYL,CUST55704,"KLINIK GM",Jakarta,TA,Klinik
"IN6143 BRG0006",IN6143,02/05/2022,BRG0006,"KETOCONAZOLE TABLET 200 MG","2819,2",DUS,24,67656,IDR,205,"OGB & PH",CUST55705,"APOTEK MERDEKA",Bandung,TA,Apotek
"IN5990 BRG0001",IN5990,03/05/2022,BRG0001,"ACYCLOVIR DUS","4592,1",DUS,10,45920,IDR,206,"OGB & PH",CUST55706,"KLINIK SAHABAT",Tangerang,TD,Klinik
"IN5992 BRG0002",IN5992,16/06/2022,BRG0002,"ALERGINE TABLET SALUT","3991,9",DUS,23,91793,IDR,203,ETIKAL,CUST55707,"APOTEK SINAR JAYA",Bekasi,TA,Apotek
"IN6132 BRG0003",IN6132,30/04/2022,BRG0003,AMPICILLIN,"5780,7",DUS,12,69360,IDR,210,MARCKS,CUST55708,"APOTEK SAHABAT",Padang,EPM,Apotek
"IN6030 BRG0004",IN6030,01/05/2022,BRG0004,"TRAMADOL KAPSUL 50 MG","6940,3",DUS,10,69400,IDR,201,VNS,CUST55709,"KLINIK DR. ANDRI",Lampung,TD,Klinik
"IN6094 BRG0001",IN6094,02/05/2022,BRG0001,"ACYCLOVIR DUS","1169,91",DUS,67,78323,IDR,206,"OGB & PH",CUST55710,"APOTEK TAPAK",Aceh,EPM,Apotek
"IN6294 BRG0002",IN6294,03/05/2022,BRG0002,"ALERGINE TABLET SALUT","2337,5",DUS,98,229026,IDR,203,ETIKAL,CUST55711,"APOTEK MAJA",Kuningan,TA,Apotek
"IN6012 BRG0003",IN6012,16/06/2022,BRG0003,AMPICILLIN,"10690,6",DUS,5,53450,IDR,210,MARCKS,CUST55712,"KLINIK GM",Jakarta,TA,Klinik
"IN6106 BRG0004",IN6106,30/04/2022,BRG0004,"TRAMADOL KAPSUL 50 MG","8700,7",DUS,4,34800,IDR,201,VNS,CUST55713,"APOTEK MERDEKA",Bandung,TA,Apotek
"IN5984 BRG0005",IN5984,01/05/2022,BRG0005,"KLORPROMAZINA TABLET SALUT SELAPUT 100 MG","5648,3",DUS,8,45184,IDR,203,SLCYL,CUST55714,"KLINIK SAHABAT",Tangerang,TD,Klinik
"IN6007 BRG0006",IN6007,02/05/2022,BRG0006,"KETOCONAZOLE TABLET 200 MG","2819,2",DUS,9,25371,IDR,205,"OGB & PH",CUST55715,"APOTEK SINAR JAYA",Bekasi,TA,Apotek
"IN6115 BRG0007",IN6115,03/05/2022,BRG0007,"ERGOTAMINE COFFEINE","4592,1",DUS,10,45920,IDR,206,ETIKAL,CUST55716,"APOTEK SAHABAT",Padang,EPM,Apotek
"IN6000 BRG0008",IN6000,16/06/2022,BRG0008,"TETRACYCLINE KAPSUL 250 MG","3991,9",DUS,7,27937,IDR,204,MARCKS,CUST55717,"APOTEK TAPAK",Aceh,EPM,Apotek
"IN6097 BRG0009",IN6097,30/04/2022,BRG0009,"AMBROXOL HC","5780,7",DUS,100,578000,IDR,207,VNS,CUST55718,"APOTEK MAJA",Kuningan,TA,Apotek
"IN5989 BRG0010",IN5989,01/05/2022,BRG0010,PARACETAMOL,"6940,3",DUS,67,464980,IDR,208,SLCYL,CUST55719,"KLINIK GM",Jakarta,TA,Klinik
"IN6151 BRG0001",IN6151,02/05/2022,BRG0001,"ACYCLOVIR DUS","1169,91",DUS,78,91182,IDR,206,"OGB & PH",CUST55720,"APOTEK MERDEKA",Bandung,TA,Apotek
"IN6037 BRG0002",IN6037,03/05/2022,BRG0002,"ALERGINE TABLET SALUT","2337,5",DUS,45,105165,IDR,203,ETIKAL,CUST55721,"KLINIK SAHABAT",Tangerang,TD,Klinik
"IN6165 BRG0003",IN6165,16/06/2022,BRG0003,AMPICILLIN,"10690,6",DUS,34,363460,IDR,210,MARCKS,CUST55722,"APOTEK SINAR JAYA",Bekasi,TA,Apotek
"IN6101 BRG0004",IN6101,30/04/2022,BRG0004,"TRAMADOL KAPSUL 50 MG","8700,7",DUS,20,174000,IDR,201,VNS,CUST55723,"APOTEK SAHABAT",Padang,EPM,Apotek
"IN6142 BRG0005",IN6142,01/05/2022,BRG0005,"KLORPROMAZINA TABLET SALUT SELAPUT 100 MG","5648,3",DUS,45,254160,IDR,203,SLCYL,CUST55724,"KLINIK DR. ANDRI",Lampung,TD,Klinik
"IN6312 BRG0006",IN6312,02/05/2022,BRG0006,"KETOCONAZOLE TABLET 200 MG","2819,2",DUS,34,95846,IDR,205,"OGB & PH",CUST55725,"APOTEK TAPAK",Aceh,EPM,Apotek
"IN6112 BRG0007",IN6112,03/05/2022,BRG0007,"ERGOTAMINE COFFEINE","4592,1",DUS,34,156128,IDR,206,ETIKAL,CUST55726,"APOTEK MAJA",Kuningan,TA,Apotek
"IN6204 BRG0008",IN6204,16/06/2022,BRG0008,"TETRACYCLINE KAPSUL 250 MG","3991,9",DUS,34,135694,IDR,204,MARCKS,CUST55727,"KLINIK GM",Jakarta,TA,Klinik
"IN6304 BRG0009",IN6304,30/04/2022,BRG0009,"AMBROXOL HC","5780,7",DUS,44,254320,IDR,207,VNS,CUST55728,"APOTEK MERDEKA",Bandung,TA,Apotek
"IN6004 BRG0010",IN6004,01/05/2022,BRG0010,PARACETAMOL,"6940,3",DUS,5,34700,IDR,208,SLCYL,CUST55729,"KLINIK SAHABAT",Tangerang,TD,Klinik
